{
"AdamW": {
		"lr": [0.0002,0.0004,0.0006],
		"beta1": [0.9],
		"beta2": [0.999],
    "weight_decay":[0.005,0.008,0.01,0.015,0.02]
	},
  "Adam": {
		"lr": [0.0002,0.0004,0.0006],
		"beta1": [0.9],
		"beta2": [0.999],
    "weight_decay":[0.005,0.008,0.01,0.015,0.02]
	},
	"SGD": {
    "lr": [0.0005,0.00075,0.001,0.00125,0.0015], 
    "weight_decay": [0.0002,0.005,0.01], 
    "momentum": [0.85,0.9,0.95,0.99]

	}
}

