{
    "06_01_20-23_14": {
        "lr": 0.3,
        "beta1": 0.001,
        "beta2": 0.005,
        "optim": "<class 'torch.optim.adamw.AdamW'>",
        "losses": [
            1.8545072078704834,
            1037.7347412109375,
            424.93011474609375,
            51.12312698364258,
            6.44266414642334,
            43.99224090576172,
            7.085436820983887,
            2.1808390617370605,
            2.2863259315490723,
            2.0289814472198486,
            3.7744834423065186,
            2.000969886779785,
            1.994580864906311,
            2.1983723640441895,
            1.8376247882843018,
            2.092930555343628,
            2.0935909748077393,
            1.9427604675292969,
            2.1143736839294434,
            2.0609686374664307,
            1.9673080444335938,
            1.9541988372802734,
            2.0641322135925293,
            1.9279857873916626,
            1.9469588994979858,
            1.9869756698608398,
            1.9543555974960327
        ],
        "train_time": 12.270426988601685
    },
    "06_01_20-23_15": {
        "lr": 0.001,
        "optim": "<class 'torch.optim.sgd.SGD'>",
        "losses": [
            2.0540237426757812,
            1.9764044284820557,
            1.9691298007965088,
            1.9838510751724243,
            2.0023930072784424,
            1.9367624521255493,
            2.003465175628662,
            2.0097877979278564,
            1.9368127584457397,
            2.0579214096069336,
            2.025266647338867,
            1.9824235439300537,
            1.9518063068389893,
            1.9930126667022705,
            2.0147910118103027,
            1.8735271692276,
            1.9375550746917725,
            2.047023296356201,
            1.7899997234344482,
            2.1035654544830322,
            2.0455880165100098,
            1.9021295309066772,
            1.9268884658813477,
            2.0152106285095215,
            1.9624650478363037,
            2.0454583168029785,
            2.0718131065368652
        ],
        "train_time": 12.11481261253357
    }
}